Workbook

Sheet Instrucciones
B2: EVALUACION HEURISTICA DE USABILIDAD - NIELSEN
B3: Ingenieria de Software - Calidad y Pruebas - Plantilla de Evaluacion
B5: INSTRUCCIONES DE USO
B6: 1. Complete los datos del equipo evaluador en esta hoja.
B7: 2. Navegue por el MVP asignado durante al menos 20 minutos antes de evaluar.
B8: 3. Use la hoja 'Evaluacion' para registrar todos los problemas encontrados.
B9: 4. Para cada problema, asigne una severidad segun la escala de Nielsen (0 a 4).
B10: 5. Documente con capturas de pantalla o notas descriptivas en la columna Evidencia.
B11: 6. La hoja 'Resumen' se actualiza automaticamente al completar la evaluacion.
B12: 7. La hoja 'Referencia' contiene los principios y ejemplos para consulta.
B15: ESCALA DE SEVERIDAD (Nielsen, 1994)
B16: 0 | C16: No es un problema de usabilidad
B17: 1 | C17: Problema cosmético | corregir solo si hay tiempo
B18: 2 | C18: Problema menor | baja prioridad de correccion
B19: 3 | C19: Problema mayor | alta prioridad, dificulta el uso
B20: 4 | C20: CATASTROFICO | imperativo corregir antes del lanzamiento

Sheet Evaluacion
A1: REGISTRO DE PROBLEMAS DE USABILIDAD — EVALUACION HEURISTICA
A2: Complete una fila por cada problema encontrado. Puede agregar mas filas segun sea necesario.
A3: # | B3: Heuristica | C3: Descripcion del problema | D3: Ubicacion en el MVP | E3: Severidad (0-4) | F3: Evidencia (captura/URL) | G3: Recomendacion de mejora | H3: Evaluador
A4: 1 | B4: H10 - Ayuda y documentacion | C4: No se observa ayuda contextual para explicar metricas e indicadores del sistema | D4: Todas la pantallas | E4: 3 | F4: https://www.figma.com/make/XOc58HODgI7hzKSRwnpNjZ/Dashboard-de-Gesti%C3%B3n-Edificio?p=f&t=nuq5hh883uUrvw7N-0 | G4: Incorporar tooltips, preguntas frecuentes y ayuda contextual. | H4: Ignacio Cea
A5: 2 | B5: H7 - Flexibilidad y eficiencia | C5: No existe busqueda o filtrado de residentes morosos. | D5: Reportes financieros | E5: 2 | F5: https://www.figma.com/make/XOc58HODgI7hzKSRwnpNjZ/Dashboard-de-Gesti%C3%B3n-Edificio?p=f&t=nuq5hh883uUrvw7N-0 | G5: Agregar busqueda por nombre, deuda o departamento | H5: Ignacio Cea
A6: 3 | B6: H2 - Sistema y mundo real | C6: La abreviatura "1629k" puede ser no familiar para todos los usuarios. | D6: Tarjeta deuda total | E6: 1 | F6: https://www.figma.com/make/XOc58HODgI7hzKSRwnpNjZ/Dashboard-de-Gesti%C3%B3n-Edificio?p=f&t=nuq5hh883uUrvw7N-0 | G6: Mostrar el monto en un formato completo y familiar para el usuario, 1.628.000 evitando abreviaturas como ´k´ que pueden generar confusion o requerir interpretacion. | H6: Ignacio Cea
A7: 4 | B7: H2 - Sistema y mundo real | C7: El estado "en mora" aparece en rojo y "Al dia" en verde. Usuarios con daltonismo podrian tener dificultades para distinguirlos | D7: Gestion de residente | E7: 2 | F7: https://www.figma.com/make/XOc58HODgI7hzKSRwnpNjZ/Dashboard-de-Gesti%C3%B3n-Edificio?p=f&t=nuq5hh883uUrvw7N-0 | G7: Complementar el uso del color con iconos o etiquetas visuales para mejorar la accesibilidad y facilitar la identificacion del estado de la cuenta | H7: Ignacio Cea
A8: 5 | B8: H2 - Sistema y mundo real | C8: La abreviatura "DPTO" puede no ser comprendida inmediatamente por todos los usuarios. | D8: Gestion de residentes | E8: 1 | F8: https://www.figma.com/make/XOc58HODgI7hzKSRwnpNjZ/Dashboard-de-Gesti%C3%B3n-Edificio?p=f&t=nuq5hh883uUrvw7N-0 | G8: Utilizar el termino completo "Departamento" o una denominacion mas explicita. | H8: Ignacio Cea
A9: 6 | B9: H7 - Flexibilidad y eficiencia | C9: No existen filtros temporales para analizar la informacion financiera por periodo. | D9: Informes Generales/ Reportes Financieros | E9: 3 | F9: https://www.figma.com/make/XOc58HODgI7hzKSRwnpNjZ/Dashboard-de-Gesti%C3%B3n-Edificio?p=f&t=nuq5hh883uUrvw7N-0 | G9: Incorporar filtros por mes, trimestre, año o rango personalizado. | H9: Ignacio Cea
A10: 7 | B10: H1 - Visibilidad del estado | C10: Al cambiar el estado de una solicitud, no hay feedback visual inmediato ni mensaje de confirmacion. | D10: Generar solicitud | E10: 3 | F10: https://www.figma.com/make/XOc58HODgI7hzKSRwnpNjZ/Dashboard-de-Gesti%C3%B3n-Edificio?p=f&t=nuq5hh883uUrvw7N-0 | G10: Agregar toast de exito y actualizar el estado a tiempo real en la lista | H10: Pedro Lopez
A11: 8 | B11: H4 - Consistencia y estandares | C11: Los botones primarios tienen variaciones de color y tamaño entre interfaces. | D11: Varias interfaces | E11: 2 | F11: https://www.figma.com/make/XOc58HODgI7hzKSRwnpNjZ/Dashboard-de-Gesti%C3%B3n-Edificio?p=f&t=nuq5hh883uUrvw7N-0 | G11: Unificar estilo, color y tamaño de botones primarios en todo el sistema. | H11: Angel Castillo
A12: 9 | B12: H7 - Flexibilidad y eficiencia | C12: No es posible realizar acciones masivas en la lista de residentes. | D12: Gestion de residentes | E12: 2 | F12: https://www.figma.com/make/XOc58HODgI7hzKSRwnpNjZ/Dashboard-de-Gesti%C3%B3n-Edificio?p=f&t=nuq5hh883uUrvw7N-0 | G12: Agregar checkboxes y acciones en lote | H12: Angel Castillo
A13: 10 | B13: H1 - Visibilidad del estado | C13: En el Panel Principal no se muestra la fecha de última actualización de las métricas. | D13: Panel Principal | E13: 2 | F13: https://www.figma.com/make/XOc58HODgI7hzKSRwnpNjZ/Dashboard-de-Gesti%C3%B3n-Edificio?p=f&t=nuq5hh883uUrvw7N-0 | G13: Agregar "Actualizado hace X minutos" o fecha debajo de cada tarjeta. | H13: Angel Castillo
A14: 11 | B14: H10 - Ayuda y documentacion | C14: No existen tooltips ni ayuda en campos como "Cuota mensual". | D14: Gestión Financiera | E14: 3 | F14: https://www.figma.com/make/XOc58HODgI7hzKSRwnpNjZ/Dashboard-de-Gesti%C3%B3n-Edificio?p=f&t=nuq5hh883uUrvw7N-0 | G14: Agregar tooltips explicativos al pasar el mouse sobre métricas clave. | H14: Pedro Lopez
A15: 12 | B15: H4 - Consistencia y estandares | C15: Los colores de prioridad (Alta/Media/Baja) no siguen un estándar claro en todas las tablas. | D15: Solicitudes de Mantenimiento | E15: 2 | F15: https://www.figma.com/make/XOc58HODgI7hzKSRwnpNjZ/Dashboard-de-Gesti%C3%B3n-Edificio?p=f&t=nuq5hh883uUrvw7N-0 | G15: Definir y aplicar una paleta consistente de colores para prioridades. | H15: Pedro Lopez
... A28: 25 | B28: H3 - Control y libertad | C28: No hay confirmación antes de acciones destructivas como "Rechazar" una solicitud o "Desvincular" un residente. | D28: Gestionar solicitud / Unidades Habitacionales | E28: 3 | F28: https://www.figma.com/make/XOc58HODgI7hzKSRwnpNjZ/Dashboard-de-Gesti%C3%B3n-Edificio?p=f&t=nuq5hh883uUrvw7N-0 | G28: Agregar modal de confirmación con mensaje claro antes de rechazar o eliminar elementos importantes. | H28: Ignacio Cea

Sheet Resumen
B1: RESUMEN EJECUTIVO EVALUACION HEURISTICA
B2: Los valores se calculan automaticamente desde la hoja Evaluacion
B4: METRICAS GLOBALES
B5: Total de problemas registrados | C5: =COUNTA(Evaluacion!C4:C28) -> 25
B6: Promedio de severidad | C6: =IFERROR(AVERAGE(Evaluacion!E4:E28),0) -> 2.24
B7: Problemas catastroficos (sev. 4) | C7: =COUNTIF(Evaluacion!E4:E28,4) -> 0
B8: Problemas mayores (sev. 3) | C8: =COUNTIF(Evaluacion!E4:E28,3) -> 10
B9: Problemas menores (sev. 1-2) | C9: =COUNTIFS(Evaluacion!E4:E28,">=1",Evaluacion!E4:E28,"<=2") -> 15
B11: DISTRIBUCION POR HEURISTICA
B12: Heuristica | C12: # Problemas | D12: Sev. Max. | E12: Sev. Prom. | F12: Estado | G12: Prioridad
B13: H1 - Visibilidad del estado | C13: =COUNTIF(Evaluacion!B4:B28,"*H1*") -> 6 | D13: =IFERROR(_xludf.MAXIFS(Evaluacion!E4:E28,Evaluacion!B4:B28,"*H1*"),0) -> 0 | E13: =IFERROR(AVERAGEIF(Evaluacion!B4:B28,"*H1*",Evaluacion!E4:E28),0) -> 2.6666667 | F13: =IF(C13=0,"Sin problemas",IF(D13>=4,"CRITICO",IF(D13>=3,"MAYOR","MENOR"))) -> MENOR | G13: =IF(C13=0,"Sin problemas",IF(D13=4,"1 - Inmediata",IF(D13=3,"2 - Alta",IF(D13=2,"3 - Media","4 - Baja")))) -> 4 - Baja
B14: H2 - Sistema y mundo real | C14: =COUNTIF(Evaluacion!B4:B28,"*H2*") -> 4 | D14: =IFERROR(_xludf.MAXIFS(Evaluacion!E4:E28,Evaluacion!B4:B28,"*H2*"),0) -> 0 | E14: =IFERROR(AVERAGEIF(Evaluacion!B4:B28,"*H2*",Evaluacion!E4:E28),0) -> 1.25 | F14: =IF(C14=0,"Sin problemas",IF(D14>=4,"CRITICO",IF(D14>=3,"MAYOR","MENOR"))) -> MENOR | G14: =IF(C14=0,"Sin problemas",IF(D14=4,"1 - Inmediata",IF(D14=3,"2 - Alta",IF(D14=2,"3 - Media","4 - Baja")))) -> 4 - Baja
B15: H3 - Control y libertad | C15: =COUNTIF(Evaluacion!B4:B28,"*H3*") -> 2 | D15: =IFERROR(_xludf.MAXIFS(Evaluacion!E4:E28,Evaluacion!B4:B28,"*H3*"),0) -> 0 | E15: =IFERROR(AVERAGEIF(Evaluacion!B4:B28,"*H3*",Evaluacion!E4:E28),0) -> 2 | F15: =IF(C15=0,"Sin problemas",IF(D15>=4,"CRITICO",IF(D15>=3,"MAYOR","MENOR"))) -> MENOR | G15: =IF(C15=0,"Sin problemas",IF(D15=4,"1 - Inmediata",IF(D15=3,"2 - Alta",IF(D15=2,"3 - Media","4 - Baja")))) -> 4 - Baja
B16: H4 - Consistencia y estandares | C16: =COUNTIF(Evaluacion!B4:B28,"*H4*") -> 3 | D16: =IFERROR(_xludf.MAXIFS(Evaluacion!E4:E28,Evaluacion!B4:B28,"*H4*"),0) -> 0 | E16: =IFERROR(AVERAGEIF(Evaluacion!B4:B28,"*H4*",Evaluacion!E4:E28),0) -> 2 | F16: =IF(C16=0,"Sin problemas",IF(D16>=4,"CRITICO",IF(D16>=3,"MAYOR","MENOR"))) -> MENOR | G16: =IF(C16=0,"Sin problemas",IF(D16=4,"1 - Inmediata",IF(D16=3,"2 - Alta",IF(D16=2,"3 - Media","4 - Baja")))) -> 4 - Baja
B17: H5 - Prevencion de errores | C17: =COUNTIF(Evaluacion!B4:B28,"*H5*") -> 1 | D17: =IFERROR(_xludf.MAXIFS(Evaluacion!E4:E28,Evaluacion!B4:B28,"*H5*"),0) -> 0 | E17: =IFERROR(AVERAGEIF(Evaluacion!B4:B28,"*H5*",Evaluacion!E4:E28),0) -> 3 | F17: =IF(C17=0,"Sin problemas",IF(D17>=4,"CRITICO",IF(D17>=3,"MAYOR","MENOR"))) -> MENOR | G17: =IF(C17=0,"Sin problemas",IF(D17=4,"1 - Inmediata",IF(D17=3,"2 - Alta",IF(D17=2,"3 - Media","4 - Baja")))) -> 4 - Baja
B18: H6 - Reconocimiento > recuerdo | C18: =COUNTIF(Evaluacion!B4:B28,"*H6*") -> 1 | D18: =IFERROR(_xludf.MAXIFS(Evaluacion!E4:E28,Evaluacion!B4:B28,"*H6*"),0) -> 0 | E18: =IFERROR(AVERAGEIF(Evaluacion!B4:B28,"*H6*",Evaluacion!E4:E28),0) -> 2 | F18: =IF(C18=0,"Sin problemas",IF(D18>=4,"CRITICO",IF(D18>=3,"MAYOR","MENOR"))) -> MENOR | G18: =IF(C18=0,"Sin problemas",IF(D18=4,"1 - Inmediata",IF(D18=3,"2 - Alta",IF(D18=2,"3 - Media","4 - Baja")))) -> 4 - Baja
B19: H7 - Flexibilidad y eficiencia | C19: =COUNTIF(Evaluacion!B4:B28,"*H7*") -> 6 | D19: =IFERROR(_xludf.MAXIFS(Evaluacion!E4:E28,Evaluacion!B4:B28,"*H7*"),0) -> 0 | E19: =IFERROR(AVERAGEIF(Evaluacion!B4:B28,"*H7*",Evaluacion!E4:E28),0) -> 2.5 | F19: =IF(C19=0,"Sin problemas",IF(D19>=4,"CRITICO",IF(D19>=3,"MAYOR","MENOR"))) -> MENOR | G19: =IF(C19=0,"Sin problemas",IF(D19=4,"1 - Inmediata",IF(D19=3,"2 - Alta",IF(D19=2,"3 - Media","4 - Baja")))) -> 4 - Baja
B20: H8 - Diseno minimalista | C20: =COUNTIF(Evaluacion!B4:B28,"*H8*") -> 1 | D20: =IFERROR(_xludf.MAXIFS(Evaluacion!E4:E28,Evaluacion!B4:B28,"*H8*"),0) -> 0 | E20: =IFERROR(AVERAGEIF(Evaluacion!B4:B28,"*H8*",Evaluacion!E4:E28),0) -> 2 | F20: =IF(C20=0,"Sin problemas",IF(D20>=4,"CRITICO",IF(D20>=3,"MAYOR","MENOR"))) -> MENOR | G20: =IF(C20=0,"Sin problemas",IF(D20=4,"1 - Inmediata",IF(D20=3,"2 - Alta",IF(D20=2,"3 - Media","4 - Baja")))) -> 4 - Baja
B21: H9 - Recuperacion de errores | C21: =COUNTIF(Evaluacion!B4:B28,"*H9*") -> 1 | D21: =IFERROR(_xludf.MAXIFS(Evaluacion!E4:E28,Evaluacion!B4:B28,"*H9*"),0) -> 0 | E21: =IFERROR(AVERAGEIF(Evaluacion!B4:B28,"*H9*",Evaluacion!E4:E28),0) -> 3 | F21: =IF(C21=0,"Sin problemas",IF(D21>=4,"CRITICO",IF(D21>=3,"MAYOR","MENOR"))) -> MENOR | G21: =IF(C21=0,"Sin problemas",IF(D21=4,"1 - Inmediata",IF(D21=3,"2 - Alta",IF(D21=2,"3 - Media","4 - Baja")))) -> 4 - Baja
B22: H10 - Ayuda y documentacion | C22: =COUNTIF(Evaluacion!B4:B28,"*H10*") -> 3 | D22: =IFERROR(_xludf.MAXIFS(Evaluacion!E4:E28,Evaluacion!B4:B28,"*H10*"),0) -> 0 | E22: =IFERROR(AVERAGEIF(Evaluacion!B4:B28,"*H10*",Evaluacion!E4:E28),0) -> 3 | F22: =IF(C22=0,"Sin problemas",IF(D22>=4,"CRITICO",IF(D22>=3,"MAYOR","MENOR"))) -> MENOR | G22: =IF(C22=0,"Sin problemas",IF(D22=4,"1 - Inmediata",IF(D22=3,"2 - Alta",IF(D22=2,"3 - Media","4 - Baja")))) -> 4 - Baja

Sheet Referencia
B1: REFERENCIA RAPIDA — 10 HEURISTICAS DE NIELSEN
B2: Consulta este panel mientras evaluas el MVP. Los ejemplos son orientativos para sistemas web/movil.
B3: # | C3: Heuristica | D3: Descripcion del principio | E3: Ejemplo en MVP (buena practica) | F3: Señal de problema a registrar
B4: H1 | C4: Visibilidad del estado | D4: El sistema mantiene informado al usuario sobre lo que ocurre mediante feedback oportuno. | E4: Barra de progreso al subir archivos. Spinner de carga. Toast de confirmacion al guardar datos. | F4: Boton que no responde visualmente. Sin indicador de carga. Usuario no sabe si la accion funciono.
B5: H2 | C5: Sistema y mundo real | D5: El sistema usa el lenguaje del usuario: palabras y conceptos familiares, no tecnicos. | E5: Icono de carrito para compras. 'Papelera' para eliminar. Fechas en formato dd/mm/aaaa. | F5: Mensajes tecnicos: 'Error 403 Forbidden'. Terminos internos del sistema expuestos al usuario.
B6: H3 | C6: Control y libertad | D6: El usuario puede salir de acciones no deseadas con salidas de emergencia claras. | E6: Opcion Deshacer al eliminar elemento. Boton Cancelar en formularios. Navegacion por pasos reversible. | F6: Sin forma de cancelar un proceso. Formulario sin boton Atras. Sin opcion de deshacer eliminacion.
B7: H4 | C7: Consistencia y estandares | D7: Las mismas acciones y elementos se comportan igual en todo el sistema. | E7: Boton primario mismo color en todo el sistema. Color rojo siempre indica error. Campos en mismo orden. | F7: Guardar, Registrar y Confirmar para la misma accion. Botones de distinto color por modulo.
B8: H5 | C8: Prevencion de errores | D8: El diseño evita que los errores ocurran antes de que el usuario los cometa. | E8: Campo deshabilitado si falta informacion. Confirmacion antes de eliminar. Validacion en tiempo real. | F8: Fecha 30/02 se acepta sin validar. Boton Enviar activo con campos requeridos vacios.
B9: H6 | C9: Reconocimiento > recuerdo | D9: Minimizar la carga de memoria: las opciones disponibles deben ser visibles, no memorizadas. | E9: Autocompletado en busquedas. Historial de elementos recientes. Breadcrumbs de navegacion. | F9: Usuario debe recordar sintaxis exacta. Formulario borra datos al navegar hacia atras.
B10: H7 | C10: Flexibilidad y eficiencia | D10: Atajos para expertos sin afectar la experiencia de usuarios nuevos. | E10: Atajos de teclado Ctrl+N. Filtros guardados. Exportacion masiva de datos con un clic. | F10: Solo se puede registrar de uno en uno. No hay forma de repetir la ultima accion ejecutada.
B11: H8 | C11: Diseño minimalista | D11: Solo la informacion necesaria: los elementos irrelevantes compiten por la atencion del usuario. | E11: Dashboard con 3 a 5 metricas clave. Formulario en pasos, no todo en una pantalla. | F11: 20 botones visibles simultaneamente. Panel con informacion que nunca se usa en el flujo principal.
B12: H9 | C12: Recuperacion de errores | D12: Los mensajes de error son claros, indican el problema exacto y sugieren una solucion concreta. | E12: 'El correo no tiene formato valido (ej: usuario@dominio.com)'. Enlace directo a solucion del error. | F12: 'Error 500'. 'Operacion fallida'. Mensaje generico sin indicar que hacer para resolverlo.
B13: H10 | C13: Ayuda y documentacion | D13: La ayuda es facil de encontrar, orientada a tareas concretas y accesible desde el flujo. | E13: Tooltip contextual en campos complejos. Guia de inicio rapido. FAQ con buscador integrado. | F13: Manual PDF de 80 paginas sin buscador. Ayuda solo accesible desde el menu principal oculto.

Sheet lista
A1: H1 - Visibilidad del estado
A2: H2 - Sistema y mundo real
A3: H3 - Control y libertad
A4: H4 - Consistencia y estandares
A5: H5 - Prevencion de errores
A6: H6 - Reconocimiento > recuerdo
A7: H7 - Flexibilidad y eficiencia
A8: H8 - Diseño minimalista
A9: H9 - Recuperacion de errores
A10: H10 - Ayuda y documentacion
